cluster,n_households,pct_households
0,3188,18.168347865732034
1,6443,36.718527383598335
2,7916,45.113124750669634
