cluster,Mon,Tue,Wed,Thu,Fri,Sat,Sun
0,14.332888700819177,14.308725186981228,14.352427996030789,14.145357278441994,14.266055515098689,14.509669355558103,15.00798093180204
1,9.554615302919686,9.589119740571162,9.549514089566495,9.457453285963298,9.468892557083418,9.291525200599338,9.36182082894995
2,6.560939757251623,6.446757017977222,6.459891723658511,6.456379478560947,6.673506596029949,7.098161986726008,7.3855852495089955
