cluster,Jan,Feb,Mar,Apr,May,Jun,Jul,Aug,Sep,Oct,Nov,Dec
0,15.661581589337345,15.197265359756393,12.450120385413236,11.405556965547234,8.427788400206417,6.89898525737085,6.606370212261285,6.797756663918107,6.680830896479087,8.478318668156232,12.47245350034415,15.219046640875586
1,7.654200827587608,7.47107494213247,7.080485308333611,7.194211056234971,7.229608308765786,7.5187367846978885,7.8458194839707005,7.97059747941623,7.6212657307301805,7.688811770444328,8.454358511676018,9.242037233637333
