cluster,Mon,Tue,Wed,Thu,Fri,Sat,Sun
0,10.477275828954372,10.439702875226912,10.446119688491647,10.318473656436003,10.411818839178492,10.527585061951267,10.864866766381528
1,7.654108042702745,7.6051645249804025,7.59732780035938,7.579462231718327,7.734566207841167,7.960728080140317,8.114624065926469
