cluster,n_households,pct_households
0,8814,50.23080868524534
1,8733,49.76919131475466
